question	answer	source
Quel est le nom de Mickey Mouse en italien ?	Topolino	https://en.wikipedia.org/wiki/Topolino
Quel est le nom de Donald Duck en italien ?	Paperino	https://it.wikipedia.org/wiki/Paperino
Quel est le nom du pokemon Dracaufeu en anglais ?	Charizard	https://en.wikipedia.org/wiki/Charizard
Quel est le nom du pokémon Rondoudou en allemand ?	Pummeluff	https://www.pokewiki.de/Pummeluff
Quel est le nom du pokémon Torktank en allemand ?	Turtok	https://www.pokewiki.de/Turtok
Quel est le nom du pokémon Tortank en anglais ?	Blastoise	https://bulbapedia.bulbagarden.net/wiki/Blastoise_(Pok%C3%A9mon)
Quel est le nom du pokémon Ronflex en anglais ?	Snorlax	https://bulbapedia.bulbagarden.net/wiki/Snorlax_(Pok%C3%A9mon)
Quel est le nom du pokémon Ronflex en allemand ?	Relaxo	https://www.pokewiki.de/Relaxo
Quel est le nom du pokémon Miaouss en allemand ?	Mauzi	https://www.pokewiki.de/Mauzi
Quel est le nom du pokémon Miaouss en anglais ?	Meowth	https://bulbapedia.bulbagarden.net/wiki/Meowth_(Pok%C3%A9mon)
Quel était le slogan pour la campagne présidentielle de François Mitterrand en 1965 ?	Un président jeune pour une France moderne	https://fr.wikipedia.org/wiki/Slogan_politique
Quel était le slogan pour la campagne présidentielle de Valérie Giscard d'Estaing en 1974 ?	La paix et la sécurité	https://fr.wikipedia.org/wiki/Slogan_politique
Quel était l'un des slogans pour la campagne présidentielle de Lionel Jospin en 1995 ?	Avec Jospin c'est clair	https://fr.wikipedia.org/wiki/Slogan_politique
Quel était le slogan pour la campagne présidentielle de Ségolène Royal au second tour en 2007 ?	La France Présidente	https://fr.wikipedia.org/wiki/Slogan_politique
Quel était l'un des slogans pour la campagne présidentielle de José Bové en 2007 ?	Osez Bové	https://fr.wikipedia.org/wiki/Slogan_politique
Quel était le slogan pour la campagne de Jacques Chirac aux élections municipales de Paris en 1977 ?	Chirac pour Paris	https://fr.wikipedia.org/wiki/Slogan_politique
Quel était le slogan de Vittel publié en 1979 ?	Buvez, éliminez	https://www.strategies.fr/actualites/marques/r14504W/vittel-retour-a-la-source.html
Quel était le slogan de Kiri apparaissant pour la première fois à la télévision française en 1969 ?	Le fromage des gastronomes en culottes courtes	https://www.ribambel.com/kiri/notre-marque/la-saga-kiri
Quel est le slogan français de Coca-Cola publié en 2021 ?	Ouvre du Ahhhh	https://www.coca-cola-france.fr/communiques-de-presse/coca-cola-presente-nouvelle-campagne-ouvre-du-ahhhh-experience-unique-ressentie-lorsque-on-boit-coca-cola
Quel est le slogan français de Coca-Cola publié en 2006 ?	Prends la vie côté Coca‑Cola	https://www.coca-cola-france.fr/histoire/les-evenements-les-plus-marquants-de-l-histoire-de-coca-cola/les-slogans-coca-cola-au-fil-des-annees
Quel est le slogan français de Coca-Cola publié en 1963 ?	Les choses vont mieux avec un Coca‑Cola	https://www.coca-cola-france.fr/histoire/les-evenements-les-plus-marquants-de-l-histoire-de-coca-cola/les-slogans-coca-cola-au-fil-des-annees
Quel est le slogan français de Coca-Cola publié en 1929 ?	La pause qui rafraîchit	https://www.coca-cola-france.fr/histoire/les-evenements-les-plus-marquants-de-l-histoire-de-coca-cola/les-slogans-coca-cola-au-fil-des-annees
Décrire l'animal dénommé le tarsier.	C'est un petit singe avec de gros yeux.	https://fr.wikipedia.org/wiki/Tarsier
Compléter la phrase suivante. Le dugong est un mammifère marin surnommé ... .	La vache marine	https://fr.wikipedia.org/wiki/Dugong
Quelle est la particularité physique de la gazelle de Waller ?	Elle a un long cou.	https://en.wikipedia.org/wiki/Gerenuk
Quelle est la particularité physique de l'hétérocéphale ? (C'est un petit rongeur.)	Il est glabre.	https://fr.wikipedia.org/wiki/Rat-taupe_nu
Compléter la phrase suivante. La pieuvre Dumbo possède ... .	deux nageoires en forme d'oreilles	https://fr.wikipedia.org/wiki/Grimpoteuthis
Compléter la phrase suivante. Le poisson perroquet-bleu a sur la tête ... .	un point jaune qui s'estompe avec l'âge	https://fr.wikipedia.org/wiki/Scarus_coeruleus
Depuis 1313, au sein du parlement britannique, qu'est-il interdit de porter ?	Une armure	https://historycollection.com/40-unusual-laws-in-history
En 1898, quel activité fut interdite en Grande-Bretagne dans les bibliothèques ?	Les jeux d'argent	https://historycollection.com/40-unusual-laws-in-history
Dans l'État Victoria en Australie, quelle activité ludique est interdite depuis 1966 ?	Le cerf-volant	https://historycollection.com/40-unusual-laws-in-history
En 1647, qu'interdisa le parlement britannique ?	Noël	https://historycollection.com/40-unusual-laws-in-history
Compléter la phrase suivante. Depuis le 19ème siècle, il est interdit de ... à Milan.	ne pas sourire	https://historycollection.com/40-unusual-laws-in-history
Comment est mort le mathématicien Witold Hurewicz au Mexique ?	En tombant d'une pyramide Maya	https://fr.wikipedia.org/wiki/Witold_Hurewicz
Avant d'être coureur cycliste, quel etait le sport pratiqué professionnelement par Primož Roglič ?	Le saut à ski	https://fr.wikipedia.org/wiki/Primo%C5%BE_Rogli%C4%8D
Compléter la phrase suivante. Par une loi de 1736 en Angletterre, les sorcières sont autorisées mais il est illégal ... .	de se faire passer pour une sorcière	https://historycollection.com/40-unusual-laws-in-history
Par une loi de 1963, que doit avoir un logement en Suisse ?	Un accès à un abri antiatomique	https://historycollection.com/40-unusual-laws-in-history
Quel est le deuxième prénom de l'acteur Macaulay Culkin ?	Macaulay Culkin	https://en.wikipedia.org/wiki/Macaulay_Culkin
Quelle fut la particularité du tournoi de tennis de Madrid sur terre battue en 2012 ?	La terre battue était bleue.	https://fr.wikipedia.org/wiki/Tournoi_de_tennis_de_Madrid_(ATP_2012)
Le colonel en chef (titre cérémonieux) de la garde royale de Norvège est un animal. Lequel ?	Un manchot royal	https://fr.wikipedia.org/wiki/Nils_Olav
Que portaient les officiers janissaires dans leur coiffe ?	Une louche	https://fr.wikipedia.org/wiki/Janissaire
Quel est l'un des surnoms de Seatle ?	La ville émeraude	https://fr.wikipedia.org/wiki/Seattle
Compléter la phrase suivante. Salvador Dali a conduit une Rolls Royce remplie à ras bord de ... .	choux-fleurs	https://culturalcocktailhour.wordpress.com/2011/07/29/salvador-dali-and-the-cauliflower-stuffed-rolls-royce
Compléter la phrase suivante. Loi américaine curieuse : en Alabama, il est illégal ... à l'église.	de porter une fausse moustache qui fait rire	https://online.olivet.edu/news/united-states-crazy-laws
Compléter la phrase suivante. Loi américaine curieuse : en Alaska, il est illégal de réveiller un ours endormi... .	pour prendre une photo	https://online.olivet.edu/news/united-states-crazy-laws
Compléter la phrase suivante. Loi américaine curieuse : en Arizona, il est illégal pour les ânes... .	de dormir dans des baignoires	https://online.olivet.edu/news/united-states-crazy-laws
Compléter la phrase suivante. Loi américaine curieuse : en Floride, si..., les frais de stationnement doivent être payés comme pour un véhicule.	un éléphant est attaché au parcmètre	https://online.olivet.edu/news/united-states-crazy-laws
Compléter la phrase suivante. Loi américaine curieuse : en Géorgie, il est illégal de garder... dans sa poche arrière le dimanche.	un cornet de glace	https://online.olivet.edu/news/united-states-crazy-laws
Compléter la phrase suivante. Loi américaine curieuse : dans le Connecticut, un cornichon ne peut pas être légalement considéré comme un cornichon à moins ... .	qu'il rebondisse	https://online.olivet.edu/news/united-states-crazy-laws
Compléter la phrase suivante. Loi américaine curieuse : dans l'Idaho, il est illégal d'offrir à sa chérie une boîte de chocolats ... .	pesant plus de 50 livres	https://online.olivet.edu/news/united-states-crazy-laws
Compléter la phrase suivante. Loi américaine curieuse : dans le Kentucky, on ne peut pas... et l'offrir à la vente sauf si plus de six sont à vendre en même temps.	teindre un caneton bleu	https://online.olivet.edu/news/united-states-crazy-laws
Compléter la phrase suivante. Loi américaine curieuse : en Louisiane, vous pouvez être condamné à une amende de 500 $ pour avoir envoyé ... à la maison à l'insu de son résident.	une pizza	https://online.olivet.edu/news/united-states-crazy-laws
Compléter la phrase suivante. Loi américaine curieuse : dans le Maine, concernant les décorations de Noël, il est illégal de ... .	les laisser après le 14 janvier	https://online.olivet.edu/news/united-states-crazy-laws
Compléter la phrase suivante. Loi américaine curieuse : dans le Minnesota, une personne ne peut pas franchir les frontières de l'État ... .	avec un canard sur la tête	https://online.olivet.edu/news/united-states-crazy-laws
Compléter la phrase suivante. Loi américaine curieuse : dans le Missouri, il est illégal de conduire ... .	avec un ours sans cage dans le véhicule	https://online.olivet.edu/news/united-states-crazy-laws
Compléter la phrase suivante. Loi américaine curieuse : au Nevada, il est interdit de conduire... sur l'autoroute.	un chameau	https://online.olivet.edu/news/united-states-crazy-laws
Compléter la phrase suivante. Loi américaine curieuse : dans le New Hampshire, depuis 1973, il est illégal d'emporter ou de ramasser ... la nuit.	des algues	https://online.olivet.edu/news/united-states-crazy-laws
Compléter la phrase suivante. Loi américaine curieuse : dans le Dakota du Nord, il est illégal de s'allonger et de s'endormir... .	avec des chaussures aux pieds	https://online.olivet.edu/news/united-states-crazy-laws
Compléter la phrase suivante. Loi américaine curieuse : dans l'Oklahoma, il est illégal de pratiquer la lutte ... .	avec un ours	https://online.olivet.edu/news/united-states-crazy-laws
Compléter la phrase suivante. Loi américaine curieuse : dans l'Oregon, il est illégal d'aller à la chasse ... .	dans un cimetière	https://online.olivet.edu/news/united-states-crazy-laws
Compléter la phrase suivante. Loi américaine curieuse : dans le Dakota du Sud, il est illégal de dormir ... .	dans une fabrique de fromage	https://online.olivet.edu/news/united-states-crazy-laws
Compléter la phrase suivante. Loi américaine curieuse : dans le Tennessee, il est illégal de partager votre ... .	mot de passe Netflix	https://online.olivet.edu/news/united-states-crazy-laws
Compléter la phrase suivante. Loi américaine curieuse : en Virginie-Occidentale, siffler ... est interdit.	sous l'eau	https://online.olivet.edu/news/united-states-crazy-laws
Compléter la phrase suivante. Loi américaine curieuse : dans le Wisconsin, il est illégal de servir des substituts de beurre ... .	en prison	https://online.olivet.edu/news/united-states-crazy-laws
Compléter la phrase suivante. Loi américaine curieuse : dans le Wyoming, vous ne pouvez pas ... de janvier à avril sans permis officiel.	prendre une photo d'un lapin	https://online.olivet.edu/news/united-states-crazy-laws
Quel porte-bonheur Yannick Noah avait-il dans sa poche lors de sa victoire à Rolland-Garros ?	Un petit cochon en peluche	https://www.leparisien.fr/sports/il-y-a-vingt-ans-noah-23-05-2003-2004109884.php
Que signifie l'expression québécoise "C'est tiguidou !" ?	C'est parfait !	https://fr.wiktionary.org/wiki/%C3%AAtre_tiguidou
Que signifie le mot zinzolin ?	C'est un nom de couleur désignant un violet rougeâtre.	https://fr.wikipedia.org/wiki/Zinzolin
Le sapajou vit dans les forêts humides et chaudes d'Amérique centrale et du sud. Décrire cet animal.	C'est un petit singe.	https://fr.m.wikipedia.org/wiki/Sapajou
Les grassettes sont des plantes fréquentes le long des ruisseaux dans les Alpes et les Pyrénées. En quoi sont-elles singulières ?	Ce sont des plantes carnivores.	https://fr.m.wikipedia.org/wiki/Grassette
Que se passa-t-il à Rome du 5 au 14 octobre 1582 ?	RIen, ces jours n'ont pas eu lieu.	https://fr.m.wikipedia.org/wiki/Wikip%C3%A9dia:Le_saviez-vous_%3F/Archives/2004
Le col du Taïbit est un col de montagne de La Réunion. En malgache, que signifie Taïbit ?	Petites crottes de lapin	https://fr.m.wikipedia.org/wiki/Wikip%C3%A9dia:Le_saviez-vous_%3F/Archives/2005
Quel est le mot allemand le plus long ? (Il comporte 63 lettres.)	Rindfleisch­etikettierungs­überwachungs­aufgaben­übertragungs­gesetz	https://fr.m.wikipedia.org/wiki/Wikip%C3%A9dia:Le_saviez-vous_%3F/Archives/2005
L'arbre le plus volumineux du monde est un séquoia géant. En 1879, le naturaliste James Wolverton lui donne un nom. Quel est-il ?	General Sherman	https://fr.m.wikipedia.org/wiki/Wikip%C3%A9dia:Le_saviez-vous_%3F/Archives/2005
Quelle est la devise de la principauté d'Andorre ?	Touche-moi si tu oses	https://fr.m.wikipedia.org/wiki/Wikip%C3%A9dia:Le_saviez-vous_%3F/Archives/2006
Compléter la phrase suivante. L'équipe d'Inde de football fut invitée à prendre part à la Coupe du monde de 1950 au Brésil mais elle n'y participa pas car à cette période ... .	les footballeurs indiens jouaient sans chaussures	https://fr.m.wikipedia.org/wiki/Wikip%C3%A9dia:Le_saviez-vous_%3F/Archives/2006
"Return of the Jedi" est le nom de l'épisode VI de Star Wars. Comment devait-il s'appeler au départ ?	Revenge of the Jedi	https://fr.m.wikipedia.org/wiki/Wikip%C3%A9dia:Le_saviez-vous_%3F/Archives/2006
Donner un aspect étonnant de la devise nationale du Royaume-Uni.	Elle est rédigée en français.	https://fr.m.wikipedia.org/wiki/Wikip%C3%A9dia:Le_saviez-vous_%3F/Archives/2006
De quelle expression française provient le mot flirt ?	Compter fleurette	https://fr.m.wikipedia.org/wiki/Wikip%C3%A9dia:Le_saviez-vous_%3F/Archives/2006
Compléter cette phrase. Étrangement, les musaraignes meurent si ... .	elles arrêtent de se nourrir pendant plus de quatre heures	https://fr.m.wikipedia.org/wiki/Wikip%C3%A9dia:Le_saviez-vous_%3F/Archives/2006
A quoi sert le dispositif nommé "échelles à poissons" ?	Il permet aux poissons de franchir un barrage.	https://fr.m.wikipedia.org/wiki/Wikip%C3%A9dia:Le_saviez-vous_%3F/Archives/2006
Qu'est-ce qu'une SantaCon dans les pays anglo-saxons ?	Une réunion paillarde de pères Noël	https://fr.m.wikipedia.org/wiki/Wikip%C3%A9dia:Le_saviez-vous_%3F/Archives/2006
Qu'est ce qu'un ugli ?	Un agrume jamaïcain	https://fr.m.wikipedia.org/wiki/Ugli
Décrire le drapeau de Mars, proposé par la Mars Society et The Planetary Society.	Il comporte 3 bandes verticales: une rouge, une verte et une bleue.	https://fr.m.wikipedia.org/wiki/Drapeau_de_Mars
En 1996, une organisation secrète voit le jour en France. Son objectif est de libérer les nains de jardin. Quel est le nom de cette organisation ?	Front de libération des nains de jardin	https://fr.m.wikipedia.org/wiki/Wikip%C3%A9dia:Le_saviez-vous_%3F/Archives/2007
Décrire un fait étonnant sur les premiers dinosaures volants.	Ils utilisaient deux paires d’ailes pour voler.	https://fr.m.wikipedia.org/wiki/Wikip%C3%A9dia:Le_saviez-vous_%3F/Archives/2007
Décrire le bug informatique qui a causé la perte de la sonde de Vénus nommée Mariner 1 en 1962.	Un caractère oublié dans le programme de guidage	https://fr.m.wikipedia.org/wiki/Wikip%C3%A9dia:Le_saviez-vous_%3F/Archives/2007
Compléter la phrase suivante. Durant la Seconde Guerre mondiale, l’opération Bernhard était un projet allemand visant à perturber l’économie britannique en ... .	inondant le pays avec des faux billets	https://fr.m.wikipedia.org/wiki/Wikip%C3%A9dia:Le_saviez-vous_%3F/Archives/2007
Quel est le nom de la première bombe atomique de l'histoire ?	Gadget	https://fr.m.wikipedia.org/wiki/Wikip%C3%A9dia:Le_saviez-vous_%3F/Archives/2007
Le Dagen H (« jour H » en suédois) s’est tenu le dimanche 3 septembre 1967 en Suède. Que s'est-il passé à cette date ?	Le sens de la circulation changea du côté gauche vers le côté droit.	https://fr.m.wikipedia.org/wiki/Wikip%C3%A9dia:Le_saviez-vous_%3F/Archives/2007
À partir des années 1970 que fit construire le dirigeant albanais Enver Hoxha par crainte d’une attaque contre son pays ?	750 000 bunkers	https://fr.m.wikipedia.org/wiki/Wikip%C3%A9dia:Le_saviez-vous_%3F/Archives/2007
Qu'est-ce que l'historiographie ?	L'histoire de l'histoire	https://fr.m.wikipedia.org/wiki/Wikip%C3%A9dia:Le_saviez-vous_%3F/Archives/2007
Décrire le pudu du Sud, qui est un animal vivant en Amérique du Sud.	C'est un très petit cervidé.	https://fr.m.wikipedia.org/wiki/Pudu_puda
Un ornithologue américain devint célèbre car son nom fut donné à un héros de fiction. Quel était son nom ? (nom + prénom)	James Bond	https://fr.m.wikipedia.org/wiki/Wikip%C3%A9dia:Le_saviez-vous_%3F/Archives/2007
Qu'inventa Nicolas Appert en 1795 ? (Dans le domaine de l'alimentation)	La mise en conserve	https://fr.m.wikipedia.org/wiki/Wikip%C3%A9dia:Le_saviez-vous_%3F/Archives/2008
Dans le domaine de l'astronomie, qu'est-ce que l'échelle de Turin ?	Une méthode pour catégoriser les risques d'impacts avec la Terre	https://fr.m.wikipedia.org/wiki/Wikip%C3%A9dia:Le_saviez-vous_%3F/Archives/2008
Citer une particularité du lac Ontario Lacus.	C'est un lac extraterrestre.	https://fr.m.wikipedia.org/wiki/Wikip%C3%A9dia:Le_saviez-vous_%3F/Archives/2008
Compléter la phrase suivante. La première voiture qui a dépassé les 100 km/h était électrique et s’appelait ... .	la Jamais contente	https://fr.m.wikipedia.org/wiki/Wikip%C3%A9dia:Le_saviez-vous_%3F/Archives/2008
Au Mali, qu'est-ce que le Bambara ?	Une des langues nationales	https://fr.m.wikipedia.org/wiki/Bambara
Qu'est-ce que le Bloop, un phénomène détecté à plusieurs reprises durant l’été 1997 dans l'océan Pacifique ?	Un son gigantesque	https://fr.m.wikipedia.org/wiki/Wikip%C3%A9dia:Le_saviez-vous_%3F/Archives/2008
Le garum était une sauce, le principal condiment des Romains. De quoi est-il constitué ?	De poisson fermenté dans du sel	https://fr.m.wikipedia.org/wiki/Wikip%C3%A9dia:Le_saviez-vous_%3F/Archives/2008
Le 27 mai 2000, Tevita Momoedonu devient Premier ministre des îles Fidji. Quelle fut la particularité de son mandat ?	Il ne dura que quelques minutes.	https://fr.m.wikipedia.org/wiki/Wikip%C3%A9dia:Le_saviez-vous_%3F/Archives/2008
Quelle est la particularité du journal périodique humoristique français "La Bougie du Sapeur" ?	Il paraît seulement les 29 février.	https://fr.m.wikipedia.org/wiki/Wikip%C3%A9dia:Le_saviez-vous_%3F/Archives/2008
Quelle est la particularité de la République de Nauru ?	Elle n'a pas de capitale.	https://fr.m.wikipedia.org/wiki/Wikip%C3%A9dia:Le_saviez-vous_%3F/Archives/2008
Quelle est la particularité de l'hymne national de l'Espagne ?	Il n'a pas de paroles officielles.	https://fr.m.wikipedia.org/wiki/Marcha_Real
Comment s'appelle le sport inventé en Californie en 1979 et qui combine la course à pied et le golf ?	Le Speed golf	https://fr.m.wikipedia.org/wiki/Wikip%C3%A9dia:Le_saviez-vous_%3F/Archives/2008
Le jour de la saint Joseph en mars la ville de Valence (Espagne) organise la crema de les falles. Que se passe-t-il lors de cette fête populaire ?	D’immenses personnages de carton-pâte sont brûlés en pleine rue.	https://fr.m.wikipedia.org/wiki/Wikip%C3%A9dia:Le_saviez-vous_%3F/Archives/2008
Décrire l'étonnant drapeau de la Libye entre 1977 et 2011.	C'est un simple fond vert.	https://fr.m.wikipedia.org/wiki/Drapeau_de_la_Libye
Quelle est la particularité du parc "Mill Ends Park" situé à Portland ?	C'est le plus petit parc du monde.	https://fr.m.wikipedia.org/wiki/Mill_Ends_Park
Compléter cette phrase. Le ratel est avec l’être humain le seul mammifère capable de ... .	courir en arrière	https://fr.m.wikipedia.org/wiki/Wikip%C3%A9dia:Le_saviez-vous_%3F/Archives/2008
Compléter cette phrase. La Père Marquette est le nom d'un ... de l'État du Michigan aux États-Unis.	cours d'eau	https://fr.m.wikipedia.org/wiki/Wikip%C3%A9dia:Le_saviez-vous_%3F/Archives/2008
Pourquoi la mort du compositeur Sergueï Prokofiev passa largement inapercue ?	Car il est mort le même jour que Staline.	https://fr.m.wikipedia.org/wiki/Wikip%C3%A9dia:Le_saviez-vous_%3F/Archives/2008
L’ambre gris, qui est utilisée dans la composition de certains parfums, est une matière organique. Quelle est-elle ?	Une sorte de déjection émanant du cachalot	https://fr.m.wikipedia.org/wiki/Wikip%C3%A9dia:Le_saviez-vous_%3F/Archives/2008
Quelle est la particularité des plaques d'immatriculation émises par les Territoires du Nord-Ouest et du Nunavut, au Canada ?	Elles sont en forme d'ours polaire.	https://fr.m.wikipedia.org/wiki/Wikip%C3%A9dia:Le_saviez-vous_%3F/Archives/2008
Qu'est-ce que le réflexe photo-sternutatoire ?	Un éternument provoqué par une exposition à la lumière vive	https://fr.m.wikipedia.org/wiki/Wikip%C3%A9dia:Le_saviez-vous_%3F/Archives/2008
Citer un point commun entre les 2e et 3e présidents des États-Unis, John Adams et Thomas Jefferson.	Leur date de mort	https://fr.m.wikipedia.org/wiki/Wikip%C3%A9dia:Le_saviez-vous_%3F/Archives/2009
Décrire l'animal dénommé le gypaète barbu.	C'est un grand vautour avec une touffe de plumes sous son bec.	https://fr.m.wikipedia.org/wiki/Gypa%C3%A8te_barbu
Quelle est la particularité de la Reproua, un fleuve de Géorgie ?	Il fait seulement 27 mètres de long.	https://fr.m.wikipedia.org/wiki/Reproua
Quel est la particularité du savant Claude Litre ?	Il est fictif.	https://fr.m.wikipedia.org/wiki/Claude_Litre
Quel est le surnom de l'île de Madagascar ?	Le huitième continent	https://fr.m.wikipedia.org/wiki/Wikip%C3%A9dia:Le_saviez-vous_%3F/Archives/2009
Quel est historiquement le premier pays devenu officiellement chrétien ?	L'Arménie	https://fr.m.wikipedia.org/wiki/Wikip%C3%A9dia:Le_saviez-vous_%3F/Archives/2009
Compléter la phrase suivante. L’écrivain américain Sherwood Anderson est mort après voir avalé accidentellement un ... .	cure-dent	https://fr.m.wikipedia.org/wiki/Wikip%C3%A9dia:Le_saviez-vous_%3F/Archives/2009
En traversant la frontière entre ces deux pays, l'heure locale augmente de 3h30. Quels sont ces deux pays ?	L’Afghanistan et la Chine	https://fr.m.wikipedia.org/wiki/Wikip%C3%A9dia:Le_saviez-vous_%3F/Archives/2009
Quelles sont les deux adjectifs caractérisant une vague scélérate ?	Haute et soudaine	https://fr.m.wikipedia.org/wiki/Vague_sc%C3%A9l%C3%A9rate
Qu'inventa le chimiste allemand Fritz Hofmann en 1907 ?	Le caoutchouc synthétique	https://fr.m.wikipedia.org/wiki/Caoutchouc_(mat%C3%A9riau)
Quelle est la particularité d'un avion à effet de sol ?	Il vole à très faible hauteur	https://fr.m.wikipedia.org/wiki/Avion_%C3%A0_effet_de_sol
Compléter la phrase suivante. Saint-Loup-de-Varennes est une commune française, célèbre pour avoir été en 1826, le lieu ... .	des premières photographies	https://fr.m.wikipedia.org/wiki/Saint-Loup-de-Varennes
Décrire le drapeau de la France pendant la Restauration (1814-1830).	Il était entièrement blanc.	https://fr.m.wikipedia.org/wiki/Wikip%C3%A9dia:Le_saviez-vous_%3F/Archives/2009
En 1887, qu'inventa le pharmacien John Stith Pemberton ?	Le Coca-Cola	https://fr.m.wikipedia.org/wiki/Wikip%C3%A9dia:Le_saviez-vous_%3F/Archives/2009
Quelle est la particularité du rosier des Alpes ?	Il est presque sans épines.	https://fr.m.wikipedia.org/wiki/Wikip%C3%A9dia:Le_saviez-vous_%3F/Archives/2009
Qu'est-ce qui est notamment représenté sur le drapeau de l'Alaska ?	La Grande Ourse	https://fr.m.wikipedia.org/wiki/Wikip%C3%A9dia:Le_saviez-vous_%3F/Archives/2009
En 1955, que vola le pathologiste Thomas Harvey ?	Le cerveau d'Einstein	https://www.nationalgeographic.com/science/article/the-tragic-story-of-how-einsteins-brain-was-stolen-and-wasnt-even-special
Quelle est la particularité de l'avion "Gossamer Condor" qui a volé pour la première fois en 1976 ?	Il est à propulsion humaine.	https://fr.m.wikipedia.org/wiki/Wikip%C3%A9dia:Le_saviez-vous_%3F/Archives/2009
En vieux norrois, comment sont nommés les géants de la mythologie nordique ?	Les jötunn	https://fr.m.wikipedia.org/wiki/Wikip%C3%A9dia:Le_saviez-vous_%3F/Archives/2010
Entre 1865 et 1866, de quelle ville le marseillais Joseph Mascarel a-t-il été le maire ?	Los Angeles	https://fr.m.wikipedia.org/wiki/Wikip%C3%A9dia:Le_saviez-vous_%3F/Archives/2010
Comment s'appelle le soin consistant à placer des larves de mouche verte dans une plaie pour la soigner ?	L'asticothérapie	https://fr.m.wikipedia.org/wiki/Wikip%C3%A9dia:Le_saviez-vous_%3F/Archives/2010
Quel était le nom de code du premier essai nucléaire français (réalisé le 13 février 1960) ?	Gerboise bleue	https://fr.m.wikipedia.org/wiki/Wikip%C3%A9dia:Le_saviez-vous_%3F/Archives/2010
Une île est apparue en mars 2009 en France, à l’entrée de l’estuaire de la Gironde. Quelle est sa particularité ?	Elle n'a pas de nom.	https://fr.m.wikipedia.org/wiki/Wikip%C3%A9dia:Le_saviez-vous_%3F/Archives/2010
Quel était le premier nom de Mario lors de sa première apparition dans un jeu vidéo en 1981 ?	Jumpman	https://fr.m.wikipedia.org/wiki/Wikip%C3%A9dia:Le_saviez-vous_%3F/Archives/2010
Qu'est-ce que l'Outback en Australie ?	L’arrière-pays	https://fr.m.wikipedia.org/wiki/Wikip%C3%A9dia:Le_saviez-vous_%3F/Archives/2010
Citer une utilisation commune du charbon, du chloroforme, de la créosote, de l’eau gazeuse, de la limaille de fer et du marbre concassé.	La conservation de la viande	https://fr.m.wikipedia.org/wiki/Wikip%C3%A9dia:Le_saviez-vous_%3F/Archives/2010
Fallen Astronaut est une célèbre statuette en aluminium. Quelle est sa particularité ?	C'est l’unique œuvre d’art présente sur la Lune.	https://fr.m.wikipedia.org/wiki/Wikip%C3%A9dia:Le_saviez-vous_%3F/Archives/2010
Compléter cette phrase. Pour aider des confrères dans la misère, le peintre Camille Corot n’hésitait pas à ... .	signer leurs toiles	https://fr.m.wikipedia.org/wiki/Wikip%C3%A9dia:Le_saviez-vous_%3F/Archives/2010
Quelle est la particularité des pistes d’atterrissage de l'aéroport de Barra en Ecosse ?	Elles sont sur une plage.	https://fr.m.wikipedia.org/wiki/Wikip%C3%A9dia:Le_saviez-vous_%3F/Archives/2011
Compléter la phrase suivante. L’incident de Jimmy Carter et du lapin est l’affaire d’un lapin aquatique qui essaya de ... .	monter dans la barque du président	https://fr.m.wikipedia.org/wiki/Jimmy_Carter_et_l%27incident_du_lapin
Quelle arme est représentée sur le drapeau du Mozambique ?	Un fusil AK-47	https://fr.m.wikipedia.org/wiki/Wikip%C3%A9dia:Le_saviez-vous_%3F/Archives/2011
Compléter la phrase suivante. Signé en 1986 par la France et le Royaume-Uni, le traité de Cantorbéry ... . (Ce traité concerne le tunnel sous la Manche.)	trace une frontière souterraine entre les deux Etats	https://fr.m.wikipedia.org/wiki/Wikip%C3%A9dia:Le_saviez-vous_%3F/Archives/2011
Où était située la principauté de Salm-Salm, qui exista entre 1751 et 1793 ?	Dans le massif des Vosges	https://fr.m.wikipedia.org/wiki/Wikip%C3%A9dia:Le_saviez-vous_%3F/Archives/2011
La loi de Morrie est une curieuse identité trigonométrique, dont le nom est dû au physicien Richard Feynman, qui la tient d'un ami d'enfance, Morrie Jacobs. Compléter cette identité: cos(20°)·cos(40°)·cos(80°) = ...	1/8	https://fr.m.wikipedia.org/wiki/Wikip%C3%A9dia:Le_saviez-vous_%3F/Archives/2011
Compléter la phrase suivante. Le Club des Hénokiens est une association qui regroupe des entreprises dont la particularité est d'être en activité et d'être ... .	restées, depuis 200 ans ou plus, des entreprises familiales	https://fr.m.wikipedia.org/wiki/Wikip%C3%A9dia:Le_saviez-vous_%3F/Archives/2011
Quelle est la particularité du silbo gomero, un des langages des habitants de l’île de La Gomera aux Canaries ?	C'est un langage sifflé.	https://fr.m.wikipedia.org/wiki/Wikip%C3%A9dia:Le_saviez-vous_%3F/Archives/2011
Quelle est la particularité de la montagne Gangkhar Puensum ?	C'est le plus haut sommet restant invaincu.	https://fr.m.wikipedia.org/wiki/Gangkhar_Puensum
CLODO est l'acronyme d'un groupuscule anarchiste et anti-industriel français actif dans les années 1980. Que signifie cet acronyme ?	Comité pour la liquidation ou la destruction des ordinateurs	https://fr.m.wikipedia.org/wiki/Wikip%C3%A9dia:Le_saviez-vous_%3F/Archives/2011
Quel terme, désignant un lieu géographique de France, est dû à l’écrivain Stéphen Liégeard ?	La Côte d'Azur	https://fr.m.wikipedia.org/wiki/Wikip%C3%A9dia:Le_saviez-vous_%3F/Archives/2011
Décrire l'animal dénommé Santamartamys rufodorsalis, vivant dans les arbres en Colombie.	C'est un rat à crête rousse.	https://fr.m.wikipedia.org/wiki/Santamartamys_rufodorsalis
Quel est le surnom de l'animal hexaprotodon liberiensis, originaire des forêts et des marécages de l'Afrique de l'Ouest ?	L'hippopotame nain	https://fr.m.wikipedia.org/wiki/Hexaprotodon_liberiensis
Le grand-père de Charles Darwin était un poète, médecin, botaniste et inventeur britannique. Quel était son prénom ?	Erasmus	https://fr.m.wikipedia.org/wiki/Erasmus_Darwin
Quel est le premier pays à avoir reconnu l’indépendance des États-Unis d’Amérique, déclarée le 4 juillet 1776 ?	Le Maroc	https://fr.m.wikipedia.org/wiki/Wikip%C3%A9dia:Le_saviez-vous_%3F/Archives/2011
Compléter la dernière phrase. Le médaka est une espèce de poissons originaire d'Asie du Sud-Est, courant dans les laboratoires. En 1994, il est le premier vertébré à ... .	s'être reproduit dans l'espace	https://fr.m.wikipedia.org/wiki/Wikip%C3%A9dia:Le_saviez-vous_%3F/Archives/2011
Compléter la phrase suivante. L'espèce de poisson la plus pêchée au monde est l'anchois ... .	péruvien	https://fr.m.wikipedia.org/wiki/Wikip%C3%A9dia:Le_saviez-vous_%3F/Archives/2011
Compléter la dernière phrase. Manhattanhenge est un phénomène qui se produit à Manhattan deux fois chaque année. Pendant ce phénomène, le soleil couchant ... .	s'aligne avec les principales rues orientées Est-Ouest	https://fr.m.wikipedia.org/wiki/Manhattanhenge
Le catoprion mentonnier est un poisson qui se rencontre en Amazonie. De quoi se nourrit-il principalement ?	D'écailles d'autres poissons	https://fr.m.wikipedia.org/wiki/Catoprion_mentonnier
Compléter la phrase suivante. Depuis le 27 mars 1901, l’île des Faisans, sur la Bidassoa, change tous les six mois de ... .	souveraineté (entre la France et l'Espagne)	https://fr.m.wikipedia.org/wiki/Wikip%C3%A9dia:Le_saviez-vous_%3F/Archives/2011
Quelle était la particularité physique de l’élasmosaure, un reptile marin ayant vécu, en Amérique du Nord, au Crétacé supérieur ?	Il avait un cou extrêmement long.	https://fr.m.wikipedia.org/wiki/Elasmosaurus
Qu'est-ce que la bucarde-cœur de Vénus ?	Un mollusque	https://fr.m.wikipedia.org/wiki/Wikip%C3%A9dia:Le_saviez-vous_%3F/Archives/2011
Quelle est la particularité du jeu vidéo "You Have to Burn the Rope" ?	Il peut être fini en moins d'une minute.	https://fr.m.wikipedia.org/wiki/You_Have_to_Burn_the_Rope
Que s'est-il passé le 30 décembre en 2011 aux Samoa ?	Rien, ce jour n'a pas existé.	https://fr.m.wikipedia.org/wiki/Wikip%C3%A9dia:Le_saviez-vous_%3F/Archives/2011
L'acanthaster pourpre est une espèce de grosse étoile de mer corallivore de couleurs vives. De quoi est-elle dotée ?	De piquants venimeux	https://fr.m.wikipedia.org/wiki/Wikip%C3%A9dia:Le_saviez-vous_%3F/Archives/2012
Compléter la phrase suivante. Virginia Dare est le premier enfant anglais, en 1587, qui est ... .	née en Amérique	https://fr.m.wikipedia.org/wiki/Wikip%C3%A9dia:Le_saviez-vous_%3F/Archives/2012
Compléter la phrase suivante. Entre 1957 et 1982, la Chine a donné à neuf pays différents 23 ... .	pandas	https://fr.m.wikipedia.org/wiki/Wikip%C3%A9dia:Le_saviez-vous_%3F/Archives/2012
Compléter la phrase suivante. Avec, en moyenne, 29 millimètres de long à l’âge adulte, Brookesia micra est la plus petite espèce au monde de ... .	caméléon	https://fr.m.wikipedia.org/wiki/Wikip%C3%A9dia:Le_saviez-vous_%3F/Archives/2012
L'hoplostèthe orange est un poisson qui vit dans tous les océans entre 900 et 1800 m de profondeur. Quelle est sa particularité ?	Il peut vivre très longtemps.	https://fr.m.wikipedia.org/wiki/Wikip%C3%A9dia:Le_saviez-vous_%3F/Archives/2012
Quelle est la longévité du requin du Groenland ?	400 ans	https://fr.m.wikipedia.org/wiki/Requin_du_Groenland
Compléter la phrase suivante. Baraka est un film américain sorti en 1992 dans lequel, étonnamment, ... .	il n'y a ni parole, ni acteur	https://fr.m.wikipedia.org/wiki/Wikip%C3%A9dia:Le_saviez-vous_%3F/Archives/2012
Compléter la phrase suivante. Étonnant: l’Australie abrite une population de près d’un million de ... .	dromadaires	https://fr.m.wikipedia.org/wiki/Wikip%C3%A9dia:Le_saviez-vous_%3F/Archives/2012
Compléter la phrase suivante. Le dragon de Komodo est l'un des rares vertébrés capables de ... .	se reproduire sans fécondation	https://fr.m.wikipedia.org/wiki/Wikip%C3%A9dia:Le_saviez-vous_%3F/Archives/2012
Huit espèces d'oiseaux portent en français un nom de famille célèbre. Quel est-il ?	Bonaparte	https://fr.m.wikipedia.org/wiki/Wikip%C3%A9dia:Le_saviez-vous_%3F/Archives/2012
Compléter la phrase suivante. Vincent Auriol, président de la République française entre 1947 et 1954, avait la particularité ... .	de porter un oeil de verre	https://fr.m.wikipedia.org/wiki/Wikip%C3%A9dia:Le_saviez-vous_%3F/Archives/2012
Compléter la phrase suivante. Pyrolobus fumarii est un micro-organisme connu pour sa capacité à ... .	à survivre à des températures extrêmement élevées	https://fr.m.wikipedia.org/wiki/Wikip%C3%A9dia:Le_saviez-vous_%3F/Archives/2012
Compléter la phrase suivante. L'astate est l'élément naturel le plus rare sur Terre, avec une estimation, dans la totalité de la croûte terrestre, de moins de ... .	30 grammes	https://fr.m.wikipedia.org/wiki/Wikip%C3%A9dia:Le_saviez-vous_%3F/Archives/2012
Quel est le nom du premier jeu vidéo sur ordinateur, créé en 1952 ?	OXO	https://fr.m.wikipedia.org/wiki/Wikip%C3%A9dia:Le_saviez-vous_%3F/Archives/2012
Compléter la phrase suivante. Le mot agenda vient du latin agenda, qui veut dire ...	à faire	https://fr.m.wikipedia.org/wiki/Wikip%C3%A9dia:Le_saviez-vous_%3F/Archives/2012
Compléter la phrase suivante. La colombophilie est l’art d’élever et de faire concourir les ... .	pigeons voyageurs	https://fr.m.wikipedia.org/wiki/Wikip%C3%A9dia:Le_saviez-vous_%3F/Archives/2012
Compléter la phrase suivante. Le Festival interceltique de Lorient 2001 a été ouvert en direct par des ... .	astronautes depuis la Station spatiale internationale	https://fr.m.wikipedia.org/wiki/Wikip%C3%A9dia:Le_saviez-vous_%3F/Archives/2012
Compléter la phrase suivante. Eugene Cernan est le dernier homme à avoir ... .	marché sur la lune	https://fr.m.wikipedia.org/wiki/Wikip%C3%A9dia:Le_saviez-vous_%3F/Archives/2012
Compléter la phrase suivante. Le sprinteur américain Jerome Singleton, double médaillé paralympique, a par ailleurs travaillé ... .	à la NASA	https://fr.m.wikipedia.org/wiki/Wikip%C3%A9dia:Le_saviez-vous_%3F/Archives/2012
Compléter la phrase suivante. Étonnant: l'étoile de mer Labidiaster annulatus utilise une partie de ses nombreux bras ... .	comme des cannes â pêche	https://fr.m.wikipedia.org/wiki/Wikip%C3%A9dia:Le_saviez-vous_%3F/Archives/2012
Quelle sont en France, par ordre alphabétique, la première commune et la dernière commune ?	Aast et Zuytpeene	https://fr.wikipedia.org/wiki/Portail:Communes_de_France/Communes_particuli%C3%A8res
Selon la légende, comment Meng Jiangnü a-t-elle fait s'écrouler une partie de la Grande Muraille de Chine ?	En pleurant	https://fr.m.wikipedia.org/wiki/Wikip%C3%A9dia:Le_saviez-vous_%3F/Archives/2012
Compléter cette phrase. Le 15 juillet 1789 Jean Sylvain Bailly devient le premier ... .	maire de Paris	https://fr.m.wikipedia.org/wiki/Wikip%C3%A9dia:Le_saviez-vous_%3F/Archives/2012
Compléter cette phrase. Rochefourchat est une commune française qui en 2019 avait la particularité ... .	d'avoir un seul habitant	https://fr.m.wikipedia.org/wiki/Wikip%C3%A9dia:Le_saviez-vous_%3F/Archives/2012
Quel est l'autre métier du député ålandais Tony Asumaa en dehors de la politique ?	Arbitre de football	https://fr.m.wikipedia.org/wiki/Wikip%C3%A9dia:Le_saviez-vous_%3F/Archives/2012
Quelle autre métier a exercé le grand maître international d'échecs norvégien Simen Agdestein (né le 15 mai 1967 en Norvège) ?	Footballeur professionnel	https://fr.m.wikipedia.org/wiki/Simen_Agdestein
L’injera est une crêpe caractéristique de quel pays ?	L'Éthiopie	https://fr.m.wikipedia.org/wiki/Wikip%C3%A9dia:Le_saviez-vous_%3F/Archives/2013
Quelle est la particularité de la poétesse américaine Hilda Conkling ?	Elle composa la majorité de ses poèmes entre 4 et 10 ans.	https://fr.m.wikipedia.org/wiki/Wikip%C3%A9dia:Le_saviez-vous_%3F/Archives/2013
Qu'a toujours refusé Juliette Darle, poétesse originaire du Sancerrois ?	De dire son âge	https://fr.m.wikipedia.org/wiki/Wikip%C3%A9dia:Le_saviez-vous_%3F/Archives/2013
Décrire l'animal dénommé le cuy.	C'est un cochon d'Inde géant.	https://fr.m.wikipedia.org/wiki/Wikip%C3%A9dia:Le_saviez-vous_%3F/Archives/2013
Compléter la phrase suivante. L'alphabet de Lorm est une technique de communication avec les ... .	sourdaveugles	https://fr.m.wikipedia.org/wiki/Wikip%C3%A9dia:Le_saviez-vous_%3F/Archives/2013
Compléter la phrase suivante. Le 7 novembre 1800, une ordonnance du préfet de police de Paris interdisait aux femmes ... .	le port du pantalon sauf pour motif médical	https://fr.m.wikipedia.org/wiki/Wikip%C3%A9dia:Le_saviez-vous_%3F/Archives/2013
Quelle île est surnommée par les Portugais « Ilha Formosa » (« belle île ») ?	Taïwan	https://fr.m.wikipedia.org/wiki/Wikip%C3%A9dia:Le_saviez-vous_%3F/Archives/2013
Le thérémine est un des plus anciens instruments de musique électronique. Quelle est sa particularité ?	On peut en jouer sans le toucher.	https://fr.m.wikipedia.org/wiki/Wikip%C3%A9dia:Le_saviez-vous_%3F/Archives/2013
Stanisław Mazur promit un cadeau pour la résolution d'un certain problème mathématique, qu'il donna à Per Enflo en 1972. Quel était ce cadeau ?	Une oie	https://fr.m.wikipedia.org/wiki/Wikip%C3%A9dia:Le_saviez-vous_%3F/Archives/2013
Compléter la phrase suivante. Zoroastre, Pythagore, le Bouddha, Léonard de Vinci, Rubens, Lamartine, Shelley, Tolstoï, Gandhi, Einstein et Kafka ont en commun d'avoir ... .	pratiqué ou prôné le végétarisme	https://fr.m.wikipedia.org/wiki/Wikip%C3%A9dia:Le_saviez-vous_%3F/Archives/2013
Un couple de Canadiens français venus du Perche au xviie siècle sont des ascendants de Céline Dion, Madonna, Camilla Shand, Jack Kerouac, Stéphane Dion, Diane Tell, Lynda Lemay. Citer deux autres descendants de ce couple.	Shania Twain et Hillary Clinton	https://fr.m.wikipedia.org/wiki/Wikip%C3%A9dia:Le_saviez-vous_%3F/Archives/2013
Citer une capacité surprenante du Todarodes pacificus (c'est une espèce de calmars).	Ils peuvent voler quelques secondes au-dessus de l'eau.	https://fr.m.wikipedia.org/wiki/Wikip%C3%A9dia:Le_saviez-vous_%3F/Archives/2013
Qu'inventa Jacqueline de Septisoles (née v. 1192 à Rome et morte en 1274 à Assise), une Italienne du xiiie siècle ?	La frangipane	https://fr.m.wikipedia.org/wiki/Wikip%C3%A9dia:Le_saviez-vous_%3F/Archives/2013
En 1899, quel mont gravirent les époux Pierre et Marie Curie ?	Le Rysy	https://fr.m.wikipedia.org/wiki/Wikip%C3%A9dia:Le_saviez-vous_%3F/Archives/2013
Compléter la phrase suivante. Quatre éléments chimiques du tableau périodique tiennent leur nom du même ... .	village de Suède	https://fr.m.wikipedia.org/wiki/Wikip%C3%A9dia:Le_saviez-vous_%3F/Archives/2013
Compléter la phrase suivante. Étonnant: Les deux équipes rivales du Super Bowl XLVII étaient entrainées par ... .	deux frères	https://fr.m.wikipedia.org/wiki/Wikip%C3%A9dia:Le_saviez-vous_%3F/Archives/2013
Compléter la phrase suivante. William Jefferson Blythe III est le nom de naissance de ... .	Bill Clinton	https://fr.m.wikipedia.org/wiki/Wikip%C3%A9dia:Le_saviez-vous_%3F/Archives/2013
Quel est le prénom de la meilleure amie de Marie-Antoinette ? (Composé de trois prénoms simples)	Yolande-Martine-Gabrielle	https://fr.wikipedia.org/wiki/Gabrielle_de_Polignac
Que signifie le mot suisse-allemand "chrüterchraft" utilisé par la marque Ricola dans une campagne publicitaire lancée en 2014 ?	La force des plantes	https://www.packshotmag.com/films/ricola-chruterchraft/
Compléter la phrase suivante. Un arbitrage international en 1992 a défini la limite maritime entre ... .	la France et le Canada	https://fr.m.wikipedia.org/wiki/Wikip%C3%A9dia:Le_saviez-vous_%3F/Archives/2013
Quel est le nom du premier opéra public, fondé à Venise en 1637 ?	Teatro San Cassiano	https://fr.m.wikipedia.org/wiki/Wikip%C3%A9dia:Le_saviez-vous_%3F/Archives/2013
Compléter la phrase suivante. Le président français est chanoine de droit, par héritage d'Henri IV pour la basilique du Latran, de Louis XI pour la cathédrale d'Embrun et de François Ier pour la cathédrale de ... .	Saint-Jean-de-Maurienne	https://fr.m.wikipedia.org/wiki/Wikip%C3%A9dia:Le_saviez-vous_%3F/Archives/2013
Compléter la phrase suivante. Sabiha Gökçen, fille adoptive d'Atatürk (homme d'État turc), est la première femme à avoir été ... .	pilote de chasse	https://fr.m.wikipedia.org/wiki/Wikip%C3%A9dia:Le_saviez-vous_%3F/Archives/2013
Quelle est la particularité du sang de la Grande-gueule ocellée, un poisson vivant dans les eaux froides de l'Antarctique ?	Il est transparent.	https://fr.m.wikipedia.org/wiki/Wikip%C3%A9dia:Le_saviez-vous_%3F/Archives/2013
L’ukulélé est un instrument de musique hawaïen introduit par des immigrants originaires de quelle île ?	Madère	https://fr.m.wikipedia.org/wiki/Wikip%C3%A9dia:Le_saviez-vous_%3F/Archives/2013
Compléter la phrase suivante. Le 21 septembre 1956, le F-11 Tigre est le premier avion de chasse ... .	à s'être abattu lui-même	https://fr.m.wikipedia.org/wiki/Wikip%C3%A9dia:Le_saviez-vous_%3F/Archives/2013
Quel est le poids moyen du pachyure étrusque ? (C'est une espèce de musaraigne.)	1.8 gramme	https://fr.m.wikipedia.org/wiki/Wikip%C3%A9dia:Le_saviez-vous_%3F/Archives/2013
Quel est la seule commune de France à utiliser le mot « Gaulois » dans son nom ?	Landes-le-Gaulois	https://fr.m.wikipedia.org/wiki/Wikip%C3%A9dia:Le_saviez-vous_%3F/Archives/2013
Compléter la phrase suivante. Trois pays n'ont pas adopté le système métrique comme système officiel de poids et mesures: les Etats-Unis, le Libéria et ... .	la Birmanie	https://fr.m.wikipedia.org/wiki/Wikip%C3%A9dia:Le_saviez-vous_%3F/Archives/2013
Compléter la phrase suivante. Louis Cyr (1863-1912), homme fort québécois, est connu pour avoir, entre autres tours de force, ... .	soulevé dix-huit hommes au moyen d'une plateforme déposée sur son dos	https://fr.m.wikipedia.org/wiki/Wikip%C3%A9dia:Le_saviez-vous_%3F/Archives/2013
Compléter la phrase suivante. Parmi les 40 000 espèces d’araignées connues, Bagheera kiplingi est la seule ... .	qui soit végétarienne	https://fr.m.wikipedia.org/wiki/Wikip%C3%A9dia:Le_saviez-vous_%3F/Archives/2013
Compléter la phrase suivante. La 100e édition du Tour de France se singularise par son passage en Corse, ses deux ascensions de L'Alpe d'Huez dans la même étape et ... .	son arrivée à Paris de nuit	https://fr.m.wikipedia.org/wiki/Wikip%C3%A9dia:Le_saviez-vous_%3F/Archives/2013
Quel est le nom de l'unique espèce connue d'insectes capables de se développer dans le pétrole brut ?	La mouche du pétrole	https://fr.m.wikipedia.org/wiki/Wikip%C3%A9dia:Le_saviez-vous_%3F/Archives/2013
Compléter la dernière phrase. L'or potable est une solution aqueuse qui contient de l'or et qui était préparée et consommée principalement pendant la période de la Renaissance. Ce breuvage était considéré comme un ... .	élixir de jouvence	https://fr.m.wikipedia.org/wiki/Wikip%C3%A9dia:Le_saviez-vous_%3F/Archives/2013
Compléter la phrase suivante. La Coursive, salle de spectacle de La Rochelle, a été successivement couvent, manufacture de tabac, entrepôt de douane, ... et salle de sport.	halle aux poissons	https://fr.m.wikipedia.org/wiki/Wikip%C3%A9dia:Le_saviez-vous_%3F/Archives/2013
Les point d’interrogation culbuté (¿) et point d’exclamation culbuté (¡) sont utilisés en espagnol, en asturien et dans plusieurs langues de quelle région ?	L'Afrique de l’Ouest	https://fr.m.wikipedia.org/wiki/Wikip%C3%A9dia:Le_saviez-vous_%3F/Archives/2013
Compléter la phrase suivante. Le personnage que son créateur Gary Gygax, l'un des deux coauteurs de Donjons et Dragons, préférait jouer est le magicien ... .	Mordenkaïnen	https://fr.m.wikipedia.org/wiki/Wikip%C3%A9dia:Le_saviez-vous_%3F/Archives/2013
Compléter la phrase suivante. L'endroit le plus froid d'Allemagne, avec une température minimale de −45,9 °C mesurée en décembre 2001, est le lac ... .	Funten	https://fr.m.wikipedia.org/wiki/Wikip%C3%A9dia:Le_saviez-vous_%3F/Archives/2013
Aveugle, Daniel Kish, surnommé « l'homme chauve-souris », se repère grâce à une technique qu'il a développée. Décrire cette technique.	Il se repère par l'écho de ses claquements de langue.	https://fr.m.wikipedia.org/wiki/Wikip%C3%A9dia:Le_saviez-vous_%3F/Archives/2013
Compléter la phrase suivante. Le seul animal connu pour être à la fois venimeux et vénéneux est la couleuvre ... . (Composé de deux mots latins)	rhabdophis tigrinus	https://fr.m.wikipedia.org/wiki/Wikip%C3%A9dia:Le_saviez-vous_%3F/Archives/2013
L'édition 1949 des championnats d'Europe de basket-ball fut remportée par le pays hôte. Quel est ce pays ?	L'Égypte	https://fr.m.wikipedia.org/wiki/Wikip%C3%A9dia:Le_saviez-vous_%3F/Archives/2013
Quel est le titre de l'un des ouvrages les plus diffusés à la fin du Moyen Âge, sous forme de manuscrits puis de livres imprimés ? (composé de trois mots latins)	Speculum humanae salvationis	https://fr.m.wikipedia.org/wiki/Wikip%C3%A9dia:Le_saviez-vous_%3F/Archives/2013
Quel prêtre français, né en 1786 et mort en 1859, a été nommé saint patron de tous les curés de l'Univers par le pape Pie XI en 1929 ? (prénom + nom)	Jean-Marie Vianney	https://fr.m.wikipedia.org/wiki/Wikip%C3%A9dia:Le_saviez-vous_%3F/Archives/2013
Compléter la phrase suivante. Au milieu des années 1920, le journaliste américain Rudolph Edgar Block a rassemblé une collection de 1400 ... .	cannes en bois	https://fr.m.wikipedia.org/wiki/Wikip%C3%A9dia:Le_saviez-vous_%3F/Archives/2013
Compléter la phrase suivante. Étonnant: le lézard américain Phrynosoma solare est capable, pour se défendre, de ... .	projeter du sang à partir de ses yeux	https://fr.m.wikipedia.org/wiki/Wikip%C3%A9dia:Le_saviez-vous_%3F/Archives/2013
Compléter cette phrase. La date de naissance de Jésus se situe vraisemblablement entre les années ... avant Jésus-Christ.	7 et 5	https://fr.m.wikipedia.org/wiki/Wikip%C3%A9dia:Le_saviez-vous_%3F/Archives/2013
Compléter cette phrase. Frédéric Tudor (1783 - 1864) est un homme d'affaires et marchand américain, qui a fait fortune en expédiant, dans le reste du monde, des ... issus des étangs de la Nouvelle-Angleterre.	des blocs de glace	https://fr.m.wikipedia.org/wiki/Wikip%C3%A9dia:Le_saviez-vous_%3F/Archives/2013
Compléter la phrase suivante: l’indice de Boyden est un nombre sans unité calculé pour estimer la probabilité de développement des ... .	orages	https://fr.m.wikipedia.org/wiki/Wikip%C3%A9dia:Le_saviez-vous_%3F/Archives/2013
Quel est le nom de la première Française à devenir Miss Monde en 1953 ? (prénom + nom)	Denise Perrier	https://fr.m.wikipedia.org/wiki/Wikip%C3%A9dia:Le_saviez-vous_%3F/Archives/2013
Compléter la phrase suivante. En l'absence totale de lumière, l'œil humain perçoit une couleur gris foncé, nommée ... .	l'eigengrau	https://fr.m.wikipedia.org/wiki/Wikip%C3%A9dia:Le_saviez-vous_%3F/Archives/2013
Compléter la phrase suivante. La ... est le nom donné par les biologistes à l'appareil masticateur des oursins.	lanterne d'Aristote	https://fr.m.wikipedia.org/wiki/Wikip%C3%A9dia:Le_saviez-vous_%3F/Archives/2013
Compléter la phrase suivante. L'apetissement est un impôt indirect français d'Ancien Régime, qui prélevait un dixième des recettes liées ... .	à la vente de vin	https://fr.m.wikipedia.org/wiki/Wikip%C3%A9dia:Le_saviez-vous_%3F/Archives/2013
Compléter la phrase suivante. William Henry Harrison fut le premier président américain ... .	à mourir lors de son mandat	https://fr.m.wikipedia.org/wiki/Wikip%C3%A9dia:Le_saviez-vous_%3F/Archives/2013
Compléter la phrase suivante. Suprenant: un tiers environ des 4 000 tonnes d’acier de la tour de Tokyo provient de 90 ... .	chars américains	https://fr.m.wikipedia.org/wiki/Wikip%C3%A9dia:Le_saviez-vous_%3F/Archives/2013
Compléter la phrase suivante. En France, le premier ... est adopté en 1921.	code de la route	https://fr.m.wikipedia.org/wiki/Wikip%C3%A9dia:Le_saviez-vous_%3F/Archives/2013
Compléter le phrase suivante. Le 9 août 1564, Charles IX promulgue l'édit de ..., instaurant le 1er janvier comme premier jour de l'année dans tout le royaume de France.	Roussillon	https://fr.m.wikipedia.org/wiki/Wikip%C3%A9dia:Le_saviez-vous_%3F/Archives/2014
Compléter la phrase suivante. Mehran Karimi Nasseri, réfugié iranien, a vécu ... dans le terminal 1 de l'aéroport de Paris-Charles-de-Gaulle.	18 ans	https://fr.m.wikipedia.org/wiki/Wikip%C3%A9dia:Le_saviez-vous_%3F/Archives/2014
Compléter la dernière phrase. Turritopsis nutricula est une espèce de méduses de la classe des hydrozoaires. Elle mesure 4 à 5 mm et est originaire de la mer des Caraïbes. Étonnamment, elle est capable de ... .	rajeunir	https://fr.m.wikipedia.org/wiki/Turritopsis_nutricula
Compléter la phrase suivante. Le 31 janvier 2014, le français ... bat à 102 ans son propre record de l’heure de cyclisme sur piste (catégorie des centenaires) en parcourant 26,925 km en une heure.	Robert Marchand	https://fr.m.wikipedia.org/wiki/Wikip%C3%A9dia:Le_saviez-vous_%3F/Archives/2014
Compléter la phrase suivante. La grenouille des bois (Lithobates sylvaticus) est capable de passer l'hiver ... .	à l'état congelé	https://fr.m.wikipedia.org/wiki/Wikip%C3%A9dia:Le_saviez-vous_%3F/Archives/2014
Qu'est-ce que la cervelle de canut, également appelée claqueret ?	Une spécialité fromagère typique de la cuisine lyonnaise	https://fr.m.wikipedia.org/wiki/Wikip%C3%A9dia:Le_saviez-vous_%3F/Archives/2014
Compléter la phrase suivante. Aux États-Unis, il existe une petite zone du Wisconsin où l'on parle encore ..., variante du wallon.	le namurois	https://fr.m.wikipedia.org/wiki/Wikip%C3%A9dia:Le_saviez-vous_%3F/Archives/2014
Compléter la phrase suivante avec une fonction politique. Le cocktail initialement appelé « blanc-cassis » doit son nom au chanoine Félix Kir, qui était alors ... .	maire de dijon	https://fr.m.wikipedia.org/wiki/Wikip%C3%A9dia:Le_saviez-vous_%3F/Archives/2014
Compléter la phrase suivante. La Gagaouzie est une région autonome de ... .	la Moldavie	https://fr.m.wikipedia.org/wiki/Wikip%C3%A9dia:Le_saviez-vous_%3F/Archives/2014
Compléter la phrase suivante. En l'an III du calendrier républicain parait La Cuisinière républicaine, premier livre de cuisine consacré exclusivement à ... .	la pomme de terre	https://fr.m.wikipedia.org/wiki/Wikip%C3%A9dia:Le_saviez-vous_%3F/Archives/2014
Le vinalon est une fibre synthétique créée à la fin des années 1930. La fibre est obtenue à partir du calcaire et de l'anthracite. Quel est le seul pays qui exploite le vinalon à l'échelle industrielle ?	La Corée du Nord	https://fr.m.wikipedia.org/wiki/Wikip%C3%A9dia:Le_saviez-vous_%3F/Archives/2014
Qu'est-ce que la vauxite ? (On n'en trouve qu'en Bolivie)	Un minéral rarissime	https://fr.m.wikipedia.org/wiki/Wikip%C3%A9dia:Le_saviez-vous_%3F/Archives/2014
Compléter la phrase suivante. Sol Hoopii, né en 1902, est connu comme l'un des premiers musiciens à avoir joué ... .	sur une guitare amplifiée électriquement	https://fr.m.wikipedia.org/wiki/Wikip%C3%A9dia:Le_saviez-vous_%3F/Archives/2014
Compléter la phrase suivante. La girafe est le seul mammifère terrestre qui ... .	ne bâille pas	https://fr.m.wikipedia.org/wiki/Wikip%C3%A9dia:Le_saviez-vous_%3F/Archives/2014
Compléter la phrase suivante. Le 7 décembre 2013, une jument clonée remporte pour la première fois une compétition d'envergure : ... .	le championnat d'Argentine de polo	https://fr.m.wikipedia.org/wiki/Wikip%C3%A9dia:Le_saviez-vous_%3F/Archives/2014
Compléter la phrase suivante. Auguste Le Breton (1913 - 1999) est célèbre pour avoir inventé le mot ... .	rififi	https://fr.m.wikipedia.org/wiki/Wikip%C3%A9dia:Le_saviez-vous_%3F/Archives/2014
Compléter la phrase suivante. Insolite: le député français Patrick Roy, par ailleurs musicien, a joué sur scène ... .	aux côtés d'un groupe de metal connu.	https://fr.m.wikipedia.org/wiki/Wikip%C3%A9dia:Le_saviez-vous_%3F/Archives/2014
Compléter la phrase suivante. Étonnant: en Suisse, des portions d’autoroutes ont été spécialement conçues pour servir de ... .	piste d’atterrissage aux avions militaires	https://fr.m.wikipedia.org/wiki/Wikip%C3%A9dia:Le_saviez-vous_%3F/Archives/2014
Compléter la phrase suivante. En 1832, la naturaliste française Jeanne Villepreux-Power créa ... .	le premier aquarium moderne	https://fr.m.wikipedia.org/wiki/Wikip%C3%A9dia:Le_saviez-vous_%3F/Archives/2014
Compléter la phrase suivante. Fait rarissime, Léon Schwab, maire d’Épinal, ... .	inaugura une rue à son propre nom	https://fr.m.wikipedia.org/wiki/Wikip%C3%A9dia:Le_saviez-vous_%3F/Archives/2014
Compléter la phrase suivante. Étonnant, à Paris, le 145 de la rue Lafayette est un immeuble ... .	fictif	https://fr.m.wikipedia.org/wiki/Wikip%C3%A9dia:Le_saviez-vous_%3F/Archives/2014
Compléter la phrase suivante. L’enregistrement ..., réalisé en 1860 par Édouard-Léon Scott de Martinville, est le plus ancien enregistrement audible d’une voix humaine qui ait été conservé.	d'Au clair de la lune	https://fr.m.wikipedia.org/wiki/Wikip%C3%A9dia:Le_saviez-vous_%3F/Archives/2014
Compléter la phrase suivante. Étonnant, le régalec est un poisson qui ... .	mesure en moyenne 5 mètres	https://fr.m.wikipedia.org/wiki/R%C3%A9galec
Compléter la phrase suivante. Suprenant, la Finlande a diffusé chaque semaine de septembre 1989 à juin 2019 chaque semaine un journal radiophonique ... .	entièrement en latin	https://fr.m.wikipedia.org/wiki/Nuntii_Latini
Décrire l'animal dénommé dauphin de Commerson.	C'est un petit dauphin noir et blanc.	https://fr.m.wikipedia.org/wiki/Wikip%C3%A9dia:Le_saviez-vous_%3F/Archives/2014
Compléter la phrase suivante. Étonnant, la trompe d’un éléphant ... .	possède plus de 100 000 muscles	https://fr.m.wikipedia.org/wiki/Wikip%C3%A9dia:Le_saviez-vous_%3F/Archives/2014
Compléter la phrase suivante. Le poti marara est un bateau polynésien conçu pour la pêche des ... .	poissons volants	https://fr.m.wikipedia.org/wiki/Wikip%C3%A9dia:Le_saviez-vous_%3F/Archives/2014
Compléter la phrase suivante. Sainte Onenne n’est vénérée que dans le petit village breton de ... .	Tréhorenteuc	https://fr.m.wikipedia.org/wiki/Wikip%C3%A9dia:Le_saviez-vous_%3F/Archives/2014
Compléter la dernière phrase. Les îles Éparses de l'océan sont de petites îles françaises de l'ouest de l’océan Indien, situées autour de Madagascar. Trois d'entre elles sont habitées en permanence par ... .	au moins un gendarme	https://fr.m.wikipedia.org/wiki/Wikip%C3%A9dia:Le_saviez-vous_%3F/Archives/2014
Compléter la phrase suivante. Le fardier de Cugnot, premier ..., était une commande militaire du roi de France Louis XV.	véhicule automobile capable de transporter un adulte	https://fr.m.wikipedia.org/wiki/Wikip%C3%A9dia:Le_saviez-vous_%3F/Archives/2014
Compléter la phrase suivante. La Loire-Atlantique est le département français qui a le point culminant naturel le plus bas, 116 m d’altitude avec la colline de ... .	la Bretèche	https://fr.m.wikipedia.org/wiki/Wikip%C3%A9dia:Le_saviez-vous_%3F/Archives/2014
Compléter la phrase suivante. Lors de l’inhumation de Frédéric Chopin au Père-Lachaise, un peu de ..., a été répandue sur son caveau.	terre de Pologne	https://fr.m.wikipedia.org/wiki/Wikip%C3%A9dia:Le_saviez-vous_%3F/Archives/2014
Quelle est la commune de France dont le nom comporte le plus de caractères ? (45 caractères dont 7 traits d'union)	Saint-Remy-en-Bouzemont-Saint-Genest-et-Isson	https://fr.m.wikipedia.org/wiki/Saint-Remy-en-Bouzemont-Saint-Genest-et-Isson
Compléter la phrase suivante. Étonnant, la grenouille rousse, peut vivre ... .	jusqu’à 3 000 m au dessus du niveau de la mer	https://fr.m.wikipedia.org/wiki/Wikip%C3%A9dia:Le_saviez-vous_%3F/Archives/2014
Compléter la phrase suivante. Le billet de ... dollars américains est la plus grosse coupure de monnaie jamais émise dans cette devise.	100 000	https://fr.m.wikipedia.org/wiki/Wikip%C3%A9dia:Le_saviez-vous_%3F/Archives/2014
Compléter la phrase suivante. Le philosophe Arthur Schopenhauer fit de son caniche, nommé ..., son légataire principal.	Atma	https://fr.m.wikipedia.org/wiki/Wikip%C3%A9dia:Le_saviez-vous_%3F/Archives/2014
Compléter la phrase suivante. En raison de son ardeur à vouloir convertir la cour au vélo, le fils de Napoléon III fut surnommé « ... IV » par les caricaturistes.	Vélocipède	https://fr.m.wikipedia.org/wiki/Wikip%C3%A9dia:Le_saviez-vous_%3F/Archives/2014
À quelle vitesse maximale nage le Manchot papou sous l'eau ?	35 km/h	https://fr.m.wikipedia.org/wiki/Manchot_papou
Compléter la phrase suivante. L’ambroisie, nourriture des dieux dans la mythologie grecque, est décrite comme neuf fois ... .	plus sucrée que le miel	https://fr.m.wikipedia.org/wiki/Wikip%C3%A9dia:Le_saviez-vous_%3F/Archives/2014
Qu'est-ce que la pikachurine ? (nommée d'après le Pokémon Pikachu)	Une protéine	https://fr.m.wikipedia.org/wiki/Wikip%C3%A9dia:Le_saviez-vous_%3F/Archives/2014
Compléter la phrase suivante. Le 26 juillet 1908, Charles J. Bonaparte, petit-neveu de Napoléon Ier, crée ce qui deviendra ... .	le FBI	https://fr.m.wikipedia.org/wiki/Wikip%C3%A9dia:Le_saviez-vous_%3F/Archives/2014
Compléter la phrase suivante. Étonnant: Il est interdit d’entrer aux États-Unis en possession ... .	d’œufs Kinder Surprise	https://fr.m.wikipedia.org/wiki/Wikip%C3%A9dia:Le_saviez-vous_%3F/Archives/2014
Compléter la phrase suivante. Theodore Roosevelt, 26e président des États-Unis, fut l’un des premiers Américains à obtenir ... .	la ceinture marron de judo	https://fr.m.wikipedia.org/wiki/Wikip%C3%A9dia:Le_saviez-vous_%3F/Archives/2014
Compléter la phrase suivante. ..., en Ontario, est la route la plus fréquentée d’Amérique du Nord.	L'autoroute 401	https://fr.m.wikipedia.org/wiki/Wikip%C3%A9dia:Le_saviez-vous_%3F/Archives/2014
Compléter la phrase suivante. Le personnage de Jack Sparrow a été inspiré par Keith Richards et ... .	Pépé le putois	https://fr.m.wikipedia.org/wiki/Wikip%C3%A9dia:Le_saviez-vous_%3F/Archives/2014
Compléter la dernière phrase. Le pinard est un qualificatif argotique désignant un vin rouge. Il a comme synonyme (par ordre alphabétique) « bleu », « bluchet », « brutal », « gingin », « ginglard », « ginglet », « gros qui tache », « ... », « pichtegorne », « picrate », « picton », « pive », « pivois » ou « rouquin ».	jaja	https://fr.m.wikipedia.org/wiki/Wikip%C3%A9dia:Le_saviez-vous_%3F/Archives/2014
Compléter la phrase suivante. Jacqueline Auriol est ... célèbre. Son beau-père est Vincent Auriol, président de la IVe République.	une aviatrice	https://fr.m.wikipedia.org/wiki/Wikip%C3%A9dia:Le_saviez-vous_%3F/Archives/2014
Compléter la phrase suivante. L’écrivain et humoriste Alphonse Allais fut le premier à inventer et faire breveter ..., en 1881.	le café soluble	https://fr.m.wikipedia.org/wiki/Wikip%C3%A9dia:Le_saviez-vous_%3F/Archives/2014
Compléter la phrase suivante. Gabriele Cirulli, créateur du jeu vidéo ..., a admis n’avoir jamais réussi à gagner à son propre jeu.	2048	https://fr.m.wikipedia.org/wiki/Wikip%C3%A9dia:Le_saviez-vous_%3F/Archives/2014
Compléter la phrase suivante. Le tablier de sapeur est une spécialité culinaire de la région lyonnaise à base de ... .	gras-double	https://fr.m.wikipedia.org/wiki/Tablier_de_sapeur
Compléter la phrase suivante. En 1976, six ans après leur séparation, les Beatles se sont vu proposer ... pour un concert de charité.	230 millions de dollars	https://fr.m.wikipedia.org/wiki/Wikip%C3%A9dia:Le_saviez-vous_%3F/Archives/2014
Compléter la phrase suivante. Pendant la Révolution française, Marseille fut officiellement débaptisée et dénommée « ... » du 6 janvier au 12 février 1794.	Ville sans nom	https://fr.m.wikipedia.org/wiki/Wikip%C3%A9dia:Le_saviez-vous_%3F/Archives/2014
Compléter la phrase suivante. Depuis 1964, la rue du Faubourg-Saint-Honoré à Paris est jumelée avec ... .	la Ve Avenue de New York	https://fr.m.wikipedia.org/wiki/Wikip%C3%A9dia:Le_saviez-vous_%3F/Archives/2014
Compléter la phrase suivante. Dans environ 33 000 ans, l’étoile la plus proche du Soleil sera ..., et non plus Proxima du Centaure.	Ross 248	https://fr.m.wikipedia.org/wiki/Wikip%C3%A9dia:Le_saviez-vous_%3F/Archives/2014
Compléter la phrase suivante. Léonard Burlat, créateur de ... qui porte son nom, n’a tiré aucun revenu de son invention.	la cerise	https://fr.m.wikipedia.org/wiki/Wikip%C3%A9dia:Le_saviez-vous_%3F/Archives/2014
Compléter la phrase suivante. Depuis 1767, la promenade de la Treille à Genève est bordée sur plus de ... par le plus long banc en bois du monde.	120 mètres	https://fr.m.wikipedia.org/wiki/Wikip%C3%A9dia:Le_saviez-vous_%3F/Archives/2014
Compléter la phrase suivante. En 2009, un aventurier suisse séjourne sur l’île de Tofua durant 300 jours, équipé uniquement d’un couteau suisse, ... et d’un fil de pêche.	d’une machette	https://fr.m.wikipedia.org/wiki/Wikip%C3%A9dia:Le_saviez-vous_%3F/Archives/2014
Compléter la phrase suivante. Alice Guy, née en 1873 à Saint-Mandé et morte en 1968 dans le New Jersey, est la première femme ... .	réalisatrice de l’histoire du cinéma	https://fr.m.wikipedia.org/wiki/Wikip%C3%A9dia:Le_saviez-vous_%3F/Archives/2014
Compléter la phrase suivante. La ligne de changement de date passe entre les deux îles ... : d’« aujourd’hui » en Alaska, on peut regarder « demain » en Russie.	Diomède	https://fr.m.wikipedia.org/wiki/Wikip%C3%A9dia:Le_saviez-vous_%3F/Archives/2014
Compléter la phrase suivante. Le 14 octobre 1947, le ... est le premier avion à franchir le mur du son.	Bell X-1	https://fr.m.wikipedia.org/wiki/Wikip%C3%A9dia:Le_saviez-vous_%3F/Archives/2014
Compléter la phrase suivante. La machine d’Anticythère destinée à ... est le plus vieux mécanisme à engrenages connu.	calculer des positions astronomiques	https://fr.m.wikipedia.org/wiki/Wikip%C3%A9dia:Le_saviez-vous_%3F/Archives/2014
Compléter la phrase suivante. Suprenant: les dipneustes sont des poissons ... .	munis de poumons	https://fr.m.wikipedia.org/wiki/Wikip%C3%A9dia:Le_saviez-vous_%3F/Archives/2014